-- Master Data Seed
-- Auto-generated from live database
-- Tables: roles, permissions, role_permissions, system_settings
-- Usage: psql -h 127.0.0.1 -p 54322 -U postgres -d postgres -f supabase/seed/master-data-seed.sql

BEGIN;

-- permissions
INSERT INTO public.permissions (id, code, name, description, module, resource, action, route_path, is_page_access, sort_order, created_at, updated_at) VALUES (1, 'dashboard.view', 'Xem Dashboard', 'Quyền xem trang tổng quan', 'dashboard', 'main', 'VIEW', '/', true, 1, '2026-03-17 06:26:43.038057+00', '2026-03-17 06:26:43.038057+00') ON CONFLICT (code) DO NOTHING;
INSERT INTO public.permissions (id, code, name, description, module, resource, action, route_path, is_page_access, sort_order, created_at, updated_at) VALUES (2, 'thread.types.view', 'Xem Loại Chỉ', 'Quyền xem danh sách loại chỉ', 'thread', 'types', 'VIEW', '/thread', true, 10, '2026-03-17 06:26:43.038057+00', '2026-03-17 06:26:43.038057+00') ON CONFLICT (code) DO NOTHING;
INSERT INTO public.permissions (id, code, name, description, module, resource, action, route_path, is_page_access, sort_order, created_at, updated_at) VALUES (3, 'thread.types.create', 'Thêm Loại Chỉ', 'Quyền thêm loại chỉ mới', 'thread', 'types', 'CREATE', NULL, false, 11, '2026-03-17 06:26:43.038057+00', '2026-03-17 06:26:43.038057+00') ON CONFLICT (code) DO NOTHING;
INSERT INTO public.permissions (id, code, name, description, module, resource, action, route_path, is_page_access, sort_order, created_at, updated_at) VALUES (4, 'thread.types.edit', 'Sửa Loại Chỉ', 'Quyền chỉnh sửa loại chỉ', 'thread', 'types', 'EDIT', NULL, false, 12, '2026-03-17 06:26:43.038057+00', '2026-03-17 06:26:43.038057+00') ON CONFLICT (code) DO NOTHING;
INSERT INTO public.permissions (id, code, name, description, module, resource, action, route_path, is_page_access, sort_order, created_at, updated_at) VALUES (5, 'thread.types.delete', 'Xóa Loại Chỉ', 'Quyền xóa loại chỉ', 'thread', 'types', 'DELETE', NULL, false, 13, '2026-03-17 06:26:43.038057+00', '2026-03-17 06:26:43.038057+00') ON CONFLICT (code) DO NOTHING;
INSERT INTO public.permissions (id, code, name, description, module, resource, action, route_path, is_page_access, sort_order, created_at, updated_at) VALUES (6, 'thread.colors.view', 'Xem Màu Chỉ', 'Quyền xem danh sách màu chỉ', 'thread', 'colors', 'VIEW', '/thread/colors', true, 20, '2026-03-17 06:26:43.038057+00', '2026-03-17 06:26:43.038057+00') ON CONFLICT (code) DO NOTHING;
INSERT INTO public.permissions (id, code, name, description, module, resource, action, route_path, is_page_access, sort_order, created_at, updated_at) VALUES (7, 'thread.colors.manage', 'Quản lý Màu Chỉ', 'Quyền thêm/sửa/xóa màu chỉ', 'thread', 'colors', 'MANAGE', NULL, false, 21, '2026-03-17 06:26:43.038057+00', '2026-03-17 06:26:43.038057+00') ON CONFLICT (code) DO NOTHING;
INSERT INTO public.permissions (id, code, name, description, module, resource, action, route_path, is_page_access, sort_order, created_at, updated_at) VALUES (8, 'thread.suppliers.view', 'Xem Nhà Cung Cấp', 'Quyền xem danh sách NCC', 'thread', 'suppliers', 'VIEW', '/thread/suppliers', true, 30, '2026-03-17 06:26:43.038057+00', '2026-03-17 06:26:43.038057+00') ON CONFLICT (code) DO NOTHING;
INSERT INTO public.permissions (id, code, name, description, module, resource, action, route_path, is_page_access, sort_order, created_at, updated_at) VALUES (9, 'thread.suppliers.manage', 'Quản lý NCC', 'Quyền thêm/sửa/xóa NCC', 'thread', 'suppliers', 'MANAGE', NULL, false, 31, '2026-03-17 06:26:43.038057+00', '2026-03-17 06:26:43.038057+00') ON CONFLICT (code) DO NOTHING;
INSERT INTO public.permissions (id, code, name, description, module, resource, action, route_path, is_page_access, sort_order, created_at, updated_at) VALUES (10, 'thread.inventory.view', 'Xem Tồn Kho', 'Quyền xem tồn kho chỉ', 'thread', 'inventory', 'VIEW', '/thread/inventory', true, 40, '2026-03-17 06:26:43.038057+00', '2026-03-17 06:26:43.038057+00') ON CONFLICT (code) DO NOTHING;
INSERT INTO public.permissions (id, code, name, description, module, resource, action, route_path, is_page_access, sort_order, created_at, updated_at) VALUES (11, 'thread.inventory.edit', 'Chỉnh sửa Tồn Kho', 'Quyền chỉnh sửa tồn kho', 'thread', 'inventory', 'EDIT', NULL, false, 41, '2026-03-17 06:26:43.038057+00', '2026-03-17 06:26:43.038057+00') ON CONFLICT (code) DO NOTHING;
INSERT INTO public.permissions (id, code, name, description, module, resource, action, route_path, is_page_access, sort_order, created_at, updated_at) VALUES (12, 'thread.lots.view', 'Xem Lô Hàng', 'Quyền xem danh sách lô', 'thread', 'lots', 'VIEW', '/thread/lots', true, 50, '2026-03-17 06:26:43.038057+00', '2026-03-17 06:26:43.038057+00') ON CONFLICT (code) DO NOTHING;
INSERT INTO public.permissions (id, code, name, description, module, resource, action, route_path, is_page_access, sort_order, created_at, updated_at) VALUES (13, 'thread.lots.manage', 'Quản lý Lô Hàng', 'Quyền thêm/sửa lô hàng', 'thread', 'lots', 'MANAGE', NULL, false, 51, '2026-03-17 06:26:43.038057+00', '2026-03-17 06:26:43.038057+00') ON CONFLICT (code) DO NOTHING;
INSERT INTO public.permissions (id, code, name, description, module, resource, action, route_path, is_page_access, sort_order, created_at, updated_at) VALUES (14, 'thread.allocations.view', 'Xem Phân Bổ', 'Quyền xem phân bổ chỉ', 'thread', 'allocations', 'VIEW', '/thread/allocations', true, 60, '2026-03-17 06:26:43.038057+00', '2026-03-17 06:26:43.038057+00') ON CONFLICT (code) DO NOTHING;
INSERT INTO public.permissions (id, code, name, description, module, resource, action, route_path, is_page_access, sort_order, created_at, updated_at) VALUES (15, 'thread.allocations.manage', 'Quản lý Phân Bổ', 'Quyền tạo/duyệt phân bổ', 'thread', 'allocations', 'MANAGE', NULL, false, 61, '2026-03-17 06:26:43.038057+00', '2026-03-17 06:26:43.038057+00') ON CONFLICT (code) DO NOTHING;
INSERT INTO public.permissions (id, code, name, description, module, resource, action, route_path, is_page_access, sort_order, created_at, updated_at) VALUES (16, 'thread.recovery.view', 'Xem Hoàn Trả', 'Quyền xem hoàn trả chỉ', 'thread', 'recovery', 'VIEW', '/thread/recovery', true, 70, '2026-03-17 06:26:43.038057+00', '2026-03-17 06:26:43.038057+00') ON CONFLICT (code) DO NOTHING;
INSERT INTO public.permissions (id, code, name, description, module, resource, action, route_path, is_page_access, sort_order, created_at, updated_at) VALUES (17, 'thread.recovery.manage', 'Quản lý Hoàn Trả', 'Quyền xử lý hoàn trả', 'thread', 'recovery', 'MANAGE', NULL, false, 71, '2026-03-17 06:26:43.038057+00', '2026-03-17 06:26:43.038057+00') ON CONFLICT (code) DO NOTHING;
INSERT INTO public.permissions (id, code, name, description, module, resource, action, route_path, is_page_access, sort_order, created_at, updated_at) VALUES (18, 'thread.dashboard.view', 'Xem Thread Dashboard', 'Quyền xem dashboard chỉ', 'thread', 'dashboard', 'VIEW', '/thread/dashboard', true, 80, '2026-03-17 06:26:43.038057+00', '2026-03-17 06:26:43.038057+00') ON CONFLICT (code) DO NOTHING;
INSERT INTO public.permissions (id, code, name, description, module, resource, action, route_path, is_page_access, sort_order, created_at, updated_at) VALUES (19, 'thread.batch.receive', 'Nhập Kho', 'Quyền nhập kho chỉ', 'thread', 'batch', 'CREATE', '/thread/batch/receive', true, 90, '2026-03-17 06:26:43.038057+00', '2026-03-17 06:26:43.038057+00') ON CONFLICT (code) DO NOTHING;
INSERT INTO public.permissions (id, code, name, description, module, resource, action, route_path, is_page_access, sort_order, created_at, updated_at) VALUES (20, 'thread.batch.issue', 'Xuất Kho', 'Quyền xuất kho chỉ', 'thread', 'batch', 'CREATE', '/thread/batch/issue', true, 91, '2026-03-17 06:26:43.038057+00', '2026-03-17 06:26:43.038057+00') ON CONFLICT (code) DO NOTHING;
INSERT INTO public.permissions (id, code, name, description, module, resource, action, route_path, is_page_access, sort_order, created_at, updated_at) VALUES (21, 'thread.batch.transfer', 'Chuyển Kho', 'Quyền chuyển kho nội bộ', 'thread', 'batch', 'CREATE', '/thread/batch/transfer', true, 92, '2026-03-17 06:26:43.038057+00', '2026-03-17 06:26:43.038057+00') ON CONFLICT (code) DO NOTHING;
INSERT INTO public.permissions (id, code, name, description, module, resource, action, route_path, is_page_access, sort_order, created_at, updated_at) VALUES (22, 'thread.mobile.receive', 'Nhập Kho Mobile', 'Quyền nhập kho trên mobile', 'thread', 'mobile', 'CREATE', '/thread/mobile/receive', true, 100, '2026-03-17 06:26:43.038057+00', '2026-03-17 06:26:43.038057+00') ON CONFLICT (code) DO NOTHING;
INSERT INTO public.permissions (id, code, name, description, module, resource, action, route_path, is_page_access, sort_order, created_at, updated_at) VALUES (23, 'thread.mobile.issue', 'Xuất Kho Mobile', 'Quyền xuất kho trên mobile', 'thread', 'mobile', 'CREATE', '/thread/mobile/issue', true, 101, '2026-03-17 06:26:43.038057+00', '2026-03-17 06:26:43.038057+00') ON CONFLICT (code) DO NOTHING;
INSERT INTO public.permissions (id, code, name, description, module, resource, action, route_path, is_page_access, sort_order, created_at, updated_at) VALUES (24, 'thread.mobile.recovery', 'Hoàn Trả Mobile', 'Quyền hoàn trả trên mobile', 'thread', 'mobile', 'CREATE', '/thread/mobile/recovery', true, 102, '2026-03-17 06:26:43.038057+00', '2026-03-17 06:26:43.038057+00') ON CONFLICT (code) DO NOTHING;
INSERT INTO public.permissions (id, code, name, description, module, resource, action, route_path, is_page_access, sort_order, created_at, updated_at) VALUES (25, 'thread.stocktake.view', 'Kiểm Kê', 'Quyền thực hiện kiểm kê', 'thread', 'stocktake', 'VIEW', '/thread/stocktake', true, 110, '2026-03-17 06:26:43.038057+00', '2026-03-17 06:26:43.038057+00') ON CONFLICT (code) DO NOTHING;
INSERT INTO public.permissions (id, code, name, description, module, resource, action, route_path, is_page_access, sort_order, created_at, updated_at) VALUES (26, 'reports.view', 'Xem Báo Cáo', 'Quyền xem các báo cáo', 'reports', 'main', 'VIEW', '/reports', true, 200, '2026-03-17 06:26:43.038057+00', '2026-03-17 06:26:43.038057+00') ON CONFLICT (code) DO NOTHING;
INSERT INTO public.permissions (id, code, name, description, module, resource, action, route_path, is_page_access, sort_order, created_at, updated_at) VALUES (27, 'employees.view', 'Xem Nhân Viên', 'Quyền xem danh sách nhân viên', 'employees', 'main', 'VIEW', '/employees', true, 300, '2026-03-17 06:26:43.038057+00', '2026-03-17 06:26:43.038057+00') ON CONFLICT (code) DO NOTHING;
INSERT INTO public.permissions (id, code, name, description, module, resource, action, route_path, is_page_access, sort_order, created_at, updated_at) VALUES (28, 'employees.create', 'Thêm Nhân Viên', 'Quyền thêm nhân viên', 'employees', 'main', 'CREATE', NULL, false, 301, '2026-03-17 06:26:43.038057+00', '2026-03-17 06:26:43.038057+00') ON CONFLICT (code) DO NOTHING;
INSERT INTO public.permissions (id, code, name, description, module, resource, action, route_path, is_page_access, sort_order, created_at, updated_at) VALUES (29, 'employees.edit', 'Sửa Nhân Viên', 'Quyền chỉnh sửa nhân viên', 'employees', 'main', 'EDIT', NULL, false, 302, '2026-03-17 06:26:43.038057+00', '2026-03-17 06:26:43.038057+00') ON CONFLICT (code) DO NOTHING;
INSERT INTO public.permissions (id, code, name, description, module, resource, action, route_path, is_page_access, sort_order, created_at, updated_at) VALUES (30, 'employees.delete', 'Xóa Nhân Viên', 'Quyền xóa nhân viên', 'employees', 'main', 'DELETE', NULL, false, 303, '2026-03-17 06:26:43.038057+00', '2026-03-17 06:26:43.038057+00') ON CONFLICT (code) DO NOTHING;
INSERT INTO public.permissions (id, code, name, description, module, resource, action, route_path, is_page_access, sort_order, created_at, updated_at) VALUES (31, 'admin.users.view', 'Xem Người Dùng', 'Quyền xem danh sách người dùng', 'admin', 'users', 'VIEW', '/admin/users', true, 900, '2026-03-17 06:26:43.038057+00', '2026-03-17 06:26:43.038057+00') ON CONFLICT (code) DO NOTHING;
INSERT INTO public.permissions (id, code, name, description, module, resource, action, route_path, is_page_access, sort_order, created_at, updated_at) VALUES (32, 'admin.users.manage', 'Quản lý Người Dùng', 'Quyền thêm/sửa/xóa người dùng', 'admin', 'users', 'MANAGE', NULL, false, 901, '2026-03-17 06:26:43.038057+00', '2026-03-17 06:26:43.038057+00') ON CONFLICT (code) DO NOTHING;
INSERT INTO public.permissions (id, code, name, description, module, resource, action, route_path, is_page_access, sort_order, created_at, updated_at) VALUES (33, 'admin.roles.view', 'Xem Vai Trò', 'Quyền xem danh sách vai trò', 'admin', 'roles', 'VIEW', '/admin/roles', true, 910, '2026-03-17 06:26:43.038057+00', '2026-03-17 06:26:43.038057+00') ON CONFLICT (code) DO NOTHING;
INSERT INTO public.permissions (id, code, name, description, module, resource, action, route_path, is_page_access, sort_order, created_at, updated_at) VALUES (34, 'admin.roles.manage', 'Quản lý Vai Trò', 'Quyền thêm/sửa/xóa vai trò', 'admin', 'roles', 'MANAGE', NULL, false, 911, '2026-03-17 06:26:43.038057+00', '2026-03-17 06:26:43.038057+00') ON CONFLICT (code) DO NOTHING;
INSERT INTO public.permissions (id, code, name, description, module, resource, action, route_path, is_page_access, sort_order, created_at, updated_at) VALUES (35, 'admin.permissions.view', 'Xem Quyền', 'Quyền xem danh sách quyền', 'admin', 'permissions', 'VIEW', '/admin/permissions', true, 920, '2026-03-17 06:26:43.038057+00', '2026-03-17 06:26:43.038057+00') ON CONFLICT (code) DO NOTHING;
INSERT INTO public.permissions (id, code, name, description, module, resource, action, route_path, is_page_access, sort_order, created_at, updated_at) VALUES (36, 'thread.styles.view', 'Xem Mã Hàng', 'Quyền xem danh sách mã hàng', 'thread', 'styles', 'VIEW', '/thread/styles', true, 120, '2026-03-17 06:26:43.220223+00', '2026-03-17 06:26:43.220223+00') ON CONFLICT (code) DO NOTHING;
INSERT INTO public.permissions (id, code, name, description, module, resource, action, route_path, is_page_access, sort_order, created_at, updated_at) VALUES (37, 'thread.styles.create', 'Thêm Mã Hàng', 'Quyền thêm mã hàng mới', 'thread', 'styles', 'CREATE', NULL, false, 121, '2026-03-17 06:26:43.220223+00', '2026-03-17 06:26:43.220223+00') ON CONFLICT (code) DO NOTHING;
INSERT INTO public.permissions (id, code, name, description, module, resource, action, route_path, is_page_access, sort_order, created_at, updated_at) VALUES (38, 'thread.styles.edit', 'Sửa Mã Hàng', 'Quyền chỉnh sửa mã hàng', 'thread', 'styles', 'EDIT', NULL, false, 122, '2026-03-17 06:26:43.220223+00', '2026-03-17 06:26:43.220223+00') ON CONFLICT (code) DO NOTHING;
INSERT INTO public.permissions (id, code, name, description, module, resource, action, route_path, is_page_access, sort_order, created_at, updated_at) VALUES (39, 'thread.styles.delete', 'Xóa Mã Hàng', 'Quyền xóa mã hàng', 'thread', 'styles', 'DELETE', NULL, false, 123, '2026-03-17 06:26:43.220223+00', '2026-03-17 06:26:43.220223+00') ON CONFLICT (code) DO NOTHING;
INSERT INTO public.permissions (id, code, name, description, module, resource, action, route_path, is_page_access, sort_order, created_at, updated_at) VALUES (40, 'thread.weekly-order.view', 'Xem Đặt Hàng Tuần', 'Quyền xem đặt hàng tuần', 'thread', 'weekly-order', 'VIEW', '/thread/weekly-order', true, 130, '2026-03-17 06:26:43.220223+00', '2026-03-17 06:26:43.220223+00') ON CONFLICT (code) DO NOTHING;
INSERT INTO public.permissions (id, code, name, description, module, resource, action, route_path, is_page_access, sort_order, created_at, updated_at) VALUES (41, 'thread.weekly-order.create', 'Tạo Đơn Đặt Hàng', 'Quyền tạo đơn đặt hàng tuần', 'thread', 'weekly-order', 'CREATE', NULL, false, 131, '2026-03-17 06:26:43.220223+00', '2026-03-17 06:26:43.220223+00') ON CONFLICT (code) DO NOTHING;
INSERT INTO public.permissions (id, code, name, description, module, resource, action, route_path, is_page_access, sort_order, created_at, updated_at) VALUES (42, 'thread.weekly-order.edit', 'Sửa Đơn Đặt Hàng', 'Quyền sửa đơn đặt hàng tuần', 'thread', 'weekly-order', 'EDIT', NULL, false, 132, '2026-03-17 06:26:43.220223+00', '2026-03-17 06:26:43.220223+00') ON CONFLICT (code) DO NOTHING;
INSERT INTO public.permissions (id, code, name, description, module, resource, action, route_path, is_page_access, sort_order, created_at, updated_at) VALUES (43, 'thread.issues.view', 'Xem Phiếu Xuất', 'Quyền xem phiếu xuất kho', 'thread', 'issues', 'VIEW', '/thread/issues', true, 140, '2026-03-17 06:26:43.220223+00', '2026-03-17 06:26:43.220223+00') ON CONFLICT (code) DO NOTHING;
INSERT INTO public.permissions (id, code, name, description, module, resource, action, route_path, is_page_access, sort_order, created_at, updated_at) VALUES (44, 'thread.issues.create', 'Tạo Phiếu Xuất', 'Quyền tạo phiếu xuất kho', 'thread', 'issues', 'CREATE', NULL, false, 141, '2026-03-17 06:26:43.220223+00', '2026-03-17 06:26:43.220223+00') ON CONFLICT (code) DO NOTHING;
INSERT INTO public.permissions (id, code, name, description, module, resource, action, route_path, is_page_access, sort_order, created_at, updated_at) VALUES (45, 'thread.issues.edit', 'Sửa/Duyệt Phiếu Xuất', 'Quyền sửa và duyệt phiếu xuất', 'thread', 'issues', 'EDIT', NULL, false, 142, '2026-03-17 06:26:43.220223+00', '2026-03-17 06:26:43.220223+00') ON CONFLICT (code) DO NOTHING;
INSERT INTO public.permissions (id, code, name, description, module, resource, action, route_path, is_page_access, sort_order, created_at, updated_at) VALUES (46, 'thread.issues.delete', 'Hủy Phiếu Xuất', 'Quyền hủy phiếu xuất kho', 'thread', 'issues', 'DELETE', NULL, false, 143, '2026-03-17 06:26:43.220223+00', '2026-03-17 06:26:43.220223+00') ON CONFLICT (code) DO NOTHING;
INSERT INTO public.permissions (id, code, name, description, module, resource, action, route_path, is_page_access, sort_order, created_at, updated_at) VALUES (47, 'thread.issues.return', 'Nhập Lại Chỉ', 'Quyền nhập lại chỉ đã xuất', 'thread', 'issues', 'MANAGE', '/thread/issues/v2/return', true, 144, '2026-03-17 06:26:43.220223+00', '2026-03-17 06:26:43.220223+00') ON CONFLICT (code) DO NOTHING;
INSERT INTO public.permissions (id, code, name, description, module, resource, action, route_path, is_page_access, sort_order, created_at, updated_at) VALUES (48, 'thread.reconciliation.view', 'Đối Chiếu Tiêu Hao', 'Quyền xem đối chiếu tiêu hao', 'thread', 'reconciliation', 'VIEW', '/thread/issues/reconciliation', true, 150, '2026-03-17 06:26:43.220223+00', '2026-03-17 06:26:43.220223+00') ON CONFLICT (code) DO NOTHING;
INSERT INTO public.permissions (id, code, name, description, module, resource, action, route_path, is_page_access, sort_order, created_at, updated_at) VALUES (49, 'thread.calculation.view', 'Tính Toán Định Mức', 'Quyền xem tính toán định mức', 'thread', 'calculation', 'VIEW', '/thread/calculation', true, 160, '2026-03-17 06:26:43.220223+00', '2026-03-17 06:26:43.220223+00') ON CONFLICT (code) DO NOTHING;
INSERT INTO public.permissions (id, code, name, description, module, resource, action, route_path, is_page_access, sort_order, created_at, updated_at) VALUES (50, 'thread.mobile.return', 'Nhập Lại Mobile', 'Quyền nhập lại trên mobile', 'thread', 'mobile', 'MANAGE', '/thread/mobile/return', true, 103, '2026-03-17 06:26:43.220223+00', '2026-03-17 06:26:43.220223+00') ON CONFLICT (code) DO NOTHING;
INSERT INTO public.permissions (id, code, name, description, module, resource, action, route_path, is_page_access, sort_order, created_at, updated_at) VALUES (51, 'thread.mobile.issue-scan', 'Quét Xuất Kho Mobile', 'Quyền quét xuất kho trên mobile', 'thread', 'mobile', 'MANAGE', '/thread/mobile/issue-scan', true, 104, '2026-03-17 06:26:43.220223+00', '2026-03-17 06:26:43.220223+00') ON CONFLICT (code) DO NOTHING;
INSERT INTO public.permissions (id, code, name, description, module, resource, action, route_path, is_page_access, sort_order, created_at, updated_at) VALUES (52, 'settings.view', 'Xem Cài Đặt', 'Quyền xem trang cài đặt', 'settings', 'main', 'VIEW', '/settings', true, 400, '2026-03-17 06:26:43.220223+00', '2026-03-17 06:26:43.220223+00') ON CONFLICT (code) DO NOTHING;
INSERT INTO public.permissions (id, code, name, description, module, resource, action, route_path, is_page_access, sort_order, created_at, updated_at) VALUES (53, 'settings.edit', 'Sửa Cài Đặt', 'Quyền chỉnh sửa cài đặt', 'settings', 'main', 'EDIT', NULL, false, 401, '2026-03-17 06:26:43.220223+00', '2026-03-17 06:26:43.220223+00') ON CONFLICT (code) DO NOTHING;
INSERT INTO public.permissions (id, code, name, description, module, resource, action, route_path, is_page_access, sort_order, created_at, updated_at) VALUES (54, 'admin.permissions.create', 'Thêm Quyền', 'Quyền tạo quyền mới', 'admin', 'permissions', 'CREATE', NULL, false, 921, '2026-03-17 06:26:43.220223+00', '2026-03-17 06:26:43.220223+00') ON CONFLICT (code) DO NOTHING;
INSERT INTO public.permissions (id, code, name, description, module, resource, action, route_path, is_page_access, sort_order, created_at, updated_at) VALUES (55, 'admin.permissions.edit', 'Sửa Quyền', 'Quyền chỉnh sửa quyền', 'admin', 'permissions', 'EDIT', NULL, false, 922, '2026-03-17 06:26:43.220223+00', '2026-03-17 06:26:43.220223+00') ON CONFLICT (code) DO NOTHING;
INSERT INTO public.permissions (id, code, name, description, module, resource, action, route_path, is_page_access, sort_order, created_at, updated_at) VALUES (56, 'admin.permissions.delete', 'Xóa Quyền', 'Quyền xóa quyền', 'admin', 'permissions', 'DELETE', NULL, false, 923, '2026-03-17 06:26:43.220223+00', '2026-03-17 06:26:43.220223+00') ON CONFLICT (code) DO NOTHING;
INSERT INTO public.permissions (id, code, name, description, module, resource, action, route_path, is_page_access, sort_order, created_at, updated_at) VALUES (57, 'thread.purchase-orders.view', 'Xem Đơn Hàng (PO)', 'Quyền xem danh sách đơn hàng PO', 'thread', 'purchase-orders', 'VIEW', '/thread/purchase-orders', true, 125, '2026-03-17 06:26:43.482903+00', '2026-03-17 06:26:43.482903+00') ON CONFLICT (code) DO NOTHING;
INSERT INTO public.permissions (id, code, name, description, module, resource, action, route_path, is_page_access, sort_order, created_at, updated_at) VALUES (58, 'thread.purchase-orders.create', 'Tạo Đơn Hàng (PO)', 'Quyền tạo đơn hàng PO mới', 'thread', 'purchase-orders', 'CREATE', NULL, false, 126, '2026-03-17 06:26:43.482903+00', '2026-03-17 06:26:43.482903+00') ON CONFLICT (code) DO NOTHING;
INSERT INTO public.permissions (id, code, name, description, module, resource, action, route_path, is_page_access, sort_order, created_at, updated_at) VALUES (59, 'thread.purchase-orders.edit', 'Sửa Đơn Hàng (PO)', 'Quyền chỉnh sửa đơn hàng PO', 'thread', 'purchase-orders', 'EDIT', NULL, false, 127, '2026-03-17 06:26:43.482903+00', '2026-03-17 06:26:43.482903+00') ON CONFLICT (code) DO NOTHING;
INSERT INTO public.permissions (id, code, name, description, module, resource, action, route_path, is_page_access, sort_order, created_at, updated_at) VALUES (60, 'thread.purchase-orders.delete', 'Xóa Đơn Hàng (PO)', 'Quyền xóa đơn hàng PO', 'thread', 'purchase-orders', 'DELETE', NULL, false, 128, '2026-03-17 06:26:43.482903+00', '2026-03-17 06:26:43.482903+00') ON CONFLICT (code) DO NOTHING;
INSERT INTO public.permissions (id, code, name, description, module, resource, action, route_path, is_page_access, sort_order, created_at, updated_at) VALUES (61, 'thread.purchase-orders.import', 'Import Đơn Hàng (PO)', 'Quyền import đơn hàng PO từ Excel', 'thread', 'purchase-orders', 'MANAGE', '/thread/purchase-orders/import', true, 129, '2026-03-17 06:26:43.482903+00', '2026-03-17 06:26:43.482903+00') ON CONFLICT (code) DO NOTHING;
INSERT INTO public.permissions (id, code, name, description, module, resource, action, route_path, is_page_access, sort_order, created_at, updated_at) VALUES (62, 'settings.manage', 'Quản lý Cài Đặt', 'Quyền quản lý cài đặt hệ thống (bao gồm kênh thông báo)', 'settings', 'main', 'MANAGE', NULL, false, 402, '2026-03-30 00:00:00+00', '2026-03-30 00:00:00+00') ON CONFLICT (code) DO NOTHING;

-- roles
INSERT INTO public.roles (id, code, name, description, level, is_system, is_active, created_at, updated_at) VALUES (1, 'root', 'ROOT', 'Quyền cao nhất - bypass mọi kiểm tra. Không thể xóa.', 0, true, true, '2026-03-17 06:26:43.038057+00', '2026-03-17 06:26:43.038057+00') ON CONFLICT (code) DO NOTHING;
INSERT INTO public.roles (id, code, name, description, level, is_system, is_active, created_at, updated_at) VALUES (2, 'admin', 'Quản trị viên', 'Toàn quyền truy cập hệ thống (trừ quản lý ROOT)', 1, true, true, '2026-03-17 06:26:43.038057+00', '2026-03-17 06:26:43.038057+00') ON CONFLICT (code) DO NOTHING;
INSERT INTO public.roles (id, code, name, description, level, is_system, is_active, created_at, updated_at) VALUES (3, 'warehouse_manager', 'Quản lý Kho', 'Quản lý tồn kho, nhập/xuất/chuyển kho', 2, false, true, '2026-03-17 06:26:43.038057+00', '2026-03-17 06:26:43.038057+00') ON CONFLICT (code) DO NOTHING;
INSERT INTO public.roles (id, code, name, description, level, is_system, is_active, created_at, updated_at) VALUES (4, 'planning', 'Kế hoạch', 'Phân bổ chỉ cho sản xuất', 2, false, true, '2026-03-17 06:26:43.038057+00', '2026-03-17 06:26:43.038057+00') ON CONFLICT (code) DO NOTHING;
INSERT INTO public.roles (id, code, name, description, level, is_system, is_active, created_at, updated_at) VALUES (5, 'warehouse_staff', 'Nhân viên Kho', 'Thao tác nhập/xuất kho cơ bản', 3, false, true, '2026-03-17 06:26:43.038057+00', '2026-03-17 06:26:43.038057+00') ON CONFLICT (code) DO NOTHING;
INSERT INTO public.roles (id, code, name, description, level, is_system, is_active, created_at, updated_at) VALUES (6, 'production', 'Sản xuất', 'Xem tồn kho và nhận chỉ', 3, false, true, '2026-03-17 06:26:43.038057+00', '2026-03-17 06:26:43.038057+00') ON CONFLICT (code) DO NOTHING;
INSERT INTO public.roles (id, code, name, description, level, is_system, is_active, created_at, updated_at) VALUES (7, 'viewer', 'Xem báo cáo', 'Chỉ xem báo cáo và dashboard', 4, false, true, '2026-03-17 06:26:43.038057+00', '2026-03-17 06:26:43.038057+00') ON CONFLICT (code) DO NOTHING;

-- role_permissions
INSERT INTO public.role_permissions (id, role_id, permission_id, created_at, updated_at) VALUES (1, 2, 1, '2026-03-17 06:26:43.038057+00', '2026-03-17 06:26:43.291138+00') ON CONFLICT (role_id, permission_id) DO NOTHING;
INSERT INTO public.role_permissions (id, role_id, permission_id, created_at, updated_at) VALUES (2, 2, 2, '2026-03-17 06:26:43.038057+00', '2026-03-17 06:26:43.291138+00') ON CONFLICT (role_id, permission_id) DO NOTHING;
INSERT INTO public.role_permissions (id, role_id, permission_id, created_at, updated_at) VALUES (3, 2, 3, '2026-03-17 06:26:43.038057+00', '2026-03-17 06:26:43.291138+00') ON CONFLICT (role_id, permission_id) DO NOTHING;
INSERT INTO public.role_permissions (id, role_id, permission_id, created_at, updated_at) VALUES (4, 2, 4, '2026-03-17 06:26:43.038057+00', '2026-03-17 06:26:43.291138+00') ON CONFLICT (role_id, permission_id) DO NOTHING;
INSERT INTO public.role_permissions (id, role_id, permission_id, created_at, updated_at) VALUES (5, 2, 5, '2026-03-17 06:26:43.038057+00', '2026-03-17 06:26:43.291138+00') ON CONFLICT (role_id, permission_id) DO NOTHING;
INSERT INTO public.role_permissions (id, role_id, permission_id, created_at, updated_at) VALUES (6, 2, 6, '2026-03-17 06:26:43.038057+00', '2026-03-17 06:26:43.291138+00') ON CONFLICT (role_id, permission_id) DO NOTHING;
INSERT INTO public.role_permissions (id, role_id, permission_id, created_at, updated_at) VALUES (7, 2, 7, '2026-03-17 06:26:43.038057+00', '2026-03-17 06:26:43.291138+00') ON CONFLICT (role_id, permission_id) DO NOTHING;
INSERT INTO public.role_permissions (id, role_id, permission_id, created_at, updated_at) VALUES (8, 2, 8, '2026-03-17 06:26:43.038057+00', '2026-03-17 06:26:43.291138+00') ON CONFLICT (role_id, permission_id) DO NOTHING;
INSERT INTO public.role_permissions (id, role_id, permission_id, created_at, updated_at) VALUES (9, 2, 9, '2026-03-17 06:26:43.038057+00', '2026-03-17 06:26:43.291138+00') ON CONFLICT (role_id, permission_id) DO NOTHING;
INSERT INTO public.role_permissions (id, role_id, permission_id, created_at, updated_at) VALUES (10, 2, 10, '2026-03-17 06:26:43.038057+00', '2026-03-17 06:26:43.291138+00') ON CONFLICT (role_id, permission_id) DO NOTHING;
INSERT INTO public.role_permissions (id, role_id, permission_id, created_at, updated_at) VALUES (11, 2, 11, '2026-03-17 06:26:43.038057+00', '2026-03-17 06:26:43.291138+00') ON CONFLICT (role_id, permission_id) DO NOTHING;
INSERT INTO public.role_permissions (id, role_id, permission_id, created_at, updated_at) VALUES (12, 2, 12, '2026-03-17 06:26:43.038057+00', '2026-03-17 06:26:43.291138+00') ON CONFLICT (role_id, permission_id) DO NOTHING;
INSERT INTO public.role_permissions (id, role_id, permission_id, created_at, updated_at) VALUES (13, 2, 13, '2026-03-17 06:26:43.038057+00', '2026-03-17 06:26:43.291138+00') ON CONFLICT (role_id, permission_id) DO NOTHING;
INSERT INTO public.role_permissions (id, role_id, permission_id, created_at, updated_at) VALUES (14, 2, 14, '2026-03-17 06:26:43.038057+00', '2026-03-17 06:26:43.291138+00') ON CONFLICT (role_id, permission_id) DO NOTHING;
INSERT INTO public.role_permissions (id, role_id, permission_id, created_at, updated_at) VALUES (15, 2, 15, '2026-03-17 06:26:43.038057+00', '2026-03-17 06:26:43.291138+00') ON CONFLICT (role_id, permission_id) DO NOTHING;
INSERT INTO public.role_permissions (id, role_id, permission_id, created_at, updated_at) VALUES (16, 2, 16, '2026-03-17 06:26:43.038057+00', '2026-03-17 06:26:43.291138+00') ON CONFLICT (role_id, permission_id) DO NOTHING;
INSERT INTO public.role_permissions (id, role_id, permission_id, created_at, updated_at) VALUES (17, 2, 17, '2026-03-17 06:26:43.038057+00', '2026-03-17 06:26:43.291138+00') ON CONFLICT (role_id, permission_id) DO NOTHING;
INSERT INTO public.role_permissions (id, role_id, permission_id, created_at, updated_at) VALUES (18, 2, 18, '2026-03-17 06:26:43.038057+00', '2026-03-17 06:26:43.291138+00') ON CONFLICT (role_id, permission_id) DO NOTHING;
INSERT INTO public.role_permissions (id, role_id, permission_id, created_at, updated_at) VALUES (19, 2, 19, '2026-03-17 06:26:43.038057+00', '2026-03-17 06:26:43.291138+00') ON CONFLICT (role_id, permission_id) DO NOTHING;
INSERT INTO public.role_permissions (id, role_id, permission_id, created_at, updated_at) VALUES (20, 2, 20, '2026-03-17 06:26:43.038057+00', '2026-03-17 06:26:43.291138+00') ON CONFLICT (role_id, permission_id) DO NOTHING;
INSERT INTO public.role_permissions (id, role_id, permission_id, created_at, updated_at) VALUES (21, 2, 21, '2026-03-17 06:26:43.038057+00', '2026-03-17 06:26:43.291138+00') ON CONFLICT (role_id, permission_id) DO NOTHING;
INSERT INTO public.role_permissions (id, role_id, permission_id, created_at, updated_at) VALUES (22, 2, 22, '2026-03-17 06:26:43.038057+00', '2026-03-17 06:26:43.291138+00') ON CONFLICT (role_id, permission_id) DO NOTHING;
INSERT INTO public.role_permissions (id, role_id, permission_id, created_at, updated_at) VALUES (23, 2, 23, '2026-03-17 06:26:43.038057+00', '2026-03-17 06:26:43.291138+00') ON CONFLICT (role_id, permission_id) DO NOTHING;
INSERT INTO public.role_permissions (id, role_id, permission_id, created_at, updated_at) VALUES (24, 2, 24, '2026-03-17 06:26:43.038057+00', '2026-03-17 06:26:43.291138+00') ON CONFLICT (role_id, permission_id) DO NOTHING;
INSERT INTO public.role_permissions (id, role_id, permission_id, created_at, updated_at) VALUES (25, 2, 25, '2026-03-17 06:26:43.038057+00', '2026-03-17 06:26:43.291138+00') ON CONFLICT (role_id, permission_id) DO NOTHING;
INSERT INTO public.role_permissions (id, role_id, permission_id, created_at, updated_at) VALUES (26, 2, 26, '2026-03-17 06:26:43.038057+00', '2026-03-17 06:26:43.291138+00') ON CONFLICT (role_id, permission_id) DO NOTHING;
INSERT INTO public.role_permissions (id, role_id, permission_id, created_at, updated_at) VALUES (27, 2, 27, '2026-03-17 06:26:43.038057+00', '2026-03-17 06:26:43.291138+00') ON CONFLICT (role_id, permission_id) DO NOTHING;
INSERT INTO public.role_permissions (id, role_id, permission_id, created_at, updated_at) VALUES (28, 2, 28, '2026-03-17 06:26:43.038057+00', '2026-03-17 06:26:43.291138+00') ON CONFLICT (role_id, permission_id) DO NOTHING;
INSERT INTO public.role_permissions (id, role_id, permission_id, created_at, updated_at) VALUES (29, 2, 29, '2026-03-17 06:26:43.038057+00', '2026-03-17 06:26:43.291138+00') ON CONFLICT (role_id, permission_id) DO NOTHING;
INSERT INTO public.role_permissions (id, role_id, permission_id, created_at, updated_at) VALUES (30, 2, 30, '2026-03-17 06:26:43.038057+00', '2026-03-17 06:26:43.291138+00') ON CONFLICT (role_id, permission_id) DO NOTHING;
INSERT INTO public.role_permissions (id, role_id, permission_id, created_at, updated_at) VALUES (31, 2, 31, '2026-03-17 06:26:43.038057+00', '2026-03-17 06:26:43.291138+00') ON CONFLICT (role_id, permission_id) DO NOTHING;
INSERT INTO public.role_permissions (id, role_id, permission_id, created_at, updated_at) VALUES (32, 2, 32, '2026-03-17 06:26:43.038057+00', '2026-03-17 06:26:43.291138+00') ON CONFLICT (role_id, permission_id) DO NOTHING;
INSERT INTO public.role_permissions (id, role_id, permission_id, created_at, updated_at) VALUES (33, 2, 33, '2026-03-17 06:26:43.038057+00', '2026-03-17 06:26:43.291138+00') ON CONFLICT (role_id, permission_id) DO NOTHING;
INSERT INTO public.role_permissions (id, role_id, permission_id, created_at, updated_at) VALUES (34, 2, 34, '2026-03-17 06:26:43.038057+00', '2026-03-17 06:26:43.291138+00') ON CONFLICT (role_id, permission_id) DO NOTHING;
INSERT INTO public.role_permissions (id, role_id, permission_id, created_at, updated_at) VALUES (35, 2, 35, '2026-03-17 06:26:43.038057+00', '2026-03-17 06:26:43.291138+00') ON CONFLICT (role_id, permission_id) DO NOTHING;
INSERT INTO public.role_permissions (id, role_id, permission_id, created_at, updated_at) VALUES (36, 3, 1, '2026-03-17 06:26:43.038057+00', '2026-03-17 06:26:43.291138+00') ON CONFLICT (role_id, permission_id) DO NOTHING;
INSERT INTO public.role_permissions (id, role_id, permission_id, created_at, updated_at) VALUES (37, 3, 2, '2026-03-17 06:26:43.038057+00', '2026-03-17 06:26:43.291138+00') ON CONFLICT (role_id, permission_id) DO NOTHING;
INSERT INTO public.role_permissions (id, role_id, permission_id, created_at, updated_at) VALUES (38, 3, 3, '2026-03-17 06:26:43.038057+00', '2026-03-17 06:26:43.291138+00') ON CONFLICT (role_id, permission_id) DO NOTHING;
INSERT INTO public.role_permissions (id, role_id, permission_id, created_at, updated_at) VALUES (39, 3, 4, '2026-03-17 06:26:43.038057+00', '2026-03-17 06:26:43.291138+00') ON CONFLICT (role_id, permission_id) DO NOTHING;
INSERT INTO public.role_permissions (id, role_id, permission_id, created_at, updated_at) VALUES (40, 3, 5, '2026-03-17 06:26:43.038057+00', '2026-03-17 06:26:43.291138+00') ON CONFLICT (role_id, permission_id) DO NOTHING;
INSERT INTO public.role_permissions (id, role_id, permission_id, created_at, updated_at) VALUES (41, 3, 6, '2026-03-17 06:26:43.038057+00', '2026-03-17 06:26:43.291138+00') ON CONFLICT (role_id, permission_id) DO NOTHING;
INSERT INTO public.role_permissions (id, role_id, permission_id, created_at, updated_at) VALUES (42, 3, 7, '2026-03-17 06:26:43.038057+00', '2026-03-17 06:26:43.291138+00') ON CONFLICT (role_id, permission_id) DO NOTHING;
INSERT INTO public.role_permissions (id, role_id, permission_id, created_at, updated_at) VALUES (43, 3, 8, '2026-03-17 06:26:43.038057+00', '2026-03-17 06:26:43.291138+00') ON CONFLICT (role_id, permission_id) DO NOTHING;
INSERT INTO public.role_permissions (id, role_id, permission_id, created_at, updated_at) VALUES (44, 3, 9, '2026-03-17 06:26:43.038057+00', '2026-03-17 06:26:43.291138+00') ON CONFLICT (role_id, permission_id) DO NOTHING;
INSERT INTO public.role_permissions (id, role_id, permission_id, created_at, updated_at) VALUES (45, 3, 10, '2026-03-17 06:26:43.038057+00', '2026-03-17 06:26:43.291138+00') ON CONFLICT (role_id, permission_id) DO NOTHING;
INSERT INTO public.role_permissions (id, role_id, permission_id, created_at, updated_at) VALUES (46, 3, 11, '2026-03-17 06:26:43.038057+00', '2026-03-17 06:26:43.291138+00') ON CONFLICT (role_id, permission_id) DO NOTHING;
INSERT INTO public.role_permissions (id, role_id, permission_id, created_at, updated_at) VALUES (47, 3, 12, '2026-03-17 06:26:43.038057+00', '2026-03-17 06:26:43.291138+00') ON CONFLICT (role_id, permission_id) DO NOTHING;
INSERT INTO public.role_permissions (id, role_id, permission_id, created_at, updated_at) VALUES (48, 3, 13, '2026-03-17 06:26:43.038057+00', '2026-03-17 06:26:43.291138+00') ON CONFLICT (role_id, permission_id) DO NOTHING;
INSERT INTO public.role_permissions (id, role_id, permission_id, created_at, updated_at) VALUES (49, 3, 14, '2026-03-17 06:26:43.038057+00', '2026-03-17 06:26:43.291138+00') ON CONFLICT (role_id, permission_id) DO NOTHING;
INSERT INTO public.role_permissions (id, role_id, permission_id, created_at, updated_at) VALUES (50, 3, 16, '2026-03-17 06:26:43.038057+00', '2026-03-17 06:26:43.291138+00') ON CONFLICT (role_id, permission_id) DO NOTHING;
INSERT INTO public.role_permissions (id, role_id, permission_id, created_at, updated_at) VALUES (51, 3, 17, '2026-03-17 06:26:43.038057+00', '2026-03-17 06:26:43.291138+00') ON CONFLICT (role_id, permission_id) DO NOTHING;
INSERT INTO public.role_permissions (id, role_id, permission_id, created_at, updated_at) VALUES (52, 3, 18, '2026-03-17 06:26:43.038057+00', '2026-03-17 06:26:43.291138+00') ON CONFLICT (role_id, permission_id) DO NOTHING;
INSERT INTO public.role_permissions (id, role_id, permission_id, created_at, updated_at) VALUES (53, 3, 19, '2026-03-17 06:26:43.038057+00', '2026-03-17 06:26:43.291138+00') ON CONFLICT (role_id, permission_id) DO NOTHING;
INSERT INTO public.role_permissions (id, role_id, permission_id, created_at, updated_at) VALUES (54, 3, 20, '2026-03-17 06:26:43.038057+00', '2026-03-17 06:26:43.291138+00') ON CONFLICT (role_id, permission_id) DO NOTHING;
INSERT INTO public.role_permissions (id, role_id, permission_id, created_at, updated_at) VALUES (55, 3, 21, '2026-03-17 06:26:43.038057+00', '2026-03-17 06:26:43.291138+00') ON CONFLICT (role_id, permission_id) DO NOTHING;
INSERT INTO public.role_permissions (id, role_id, permission_id, created_at, updated_at) VALUES (56, 3, 22, '2026-03-17 06:26:43.038057+00', '2026-03-17 06:26:43.291138+00') ON CONFLICT (role_id, permission_id) DO NOTHING;
INSERT INTO public.role_permissions (id, role_id, permission_id, created_at, updated_at) VALUES (57, 3, 23, '2026-03-17 06:26:43.038057+00', '2026-03-17 06:26:43.291138+00') ON CONFLICT (role_id, permission_id) DO NOTHING;
INSERT INTO public.role_permissions (id, role_id, permission_id, created_at, updated_at) VALUES (58, 3, 24, '2026-03-17 06:26:43.038057+00', '2026-03-17 06:26:43.291138+00') ON CONFLICT (role_id, permission_id) DO NOTHING;
INSERT INTO public.role_permissions (id, role_id, permission_id, created_at, updated_at) VALUES (59, 3, 25, '2026-03-17 06:26:43.038057+00', '2026-03-17 06:26:43.291138+00') ON CONFLICT (role_id, permission_id) DO NOTHING;
INSERT INTO public.role_permissions (id, role_id, permission_id, created_at, updated_at) VALUES (60, 5, 1, '2026-03-17 06:26:43.038057+00', '2026-03-17 06:26:43.291138+00') ON CONFLICT (role_id, permission_id) DO NOTHING;
INSERT INTO public.role_permissions (id, role_id, permission_id, created_at, updated_at) VALUES (61, 5, 10, '2026-03-17 06:26:43.038057+00', '2026-03-17 06:26:43.291138+00') ON CONFLICT (role_id, permission_id) DO NOTHING;
INSERT INTO public.role_permissions (id, role_id, permission_id, created_at, updated_at) VALUES (62, 5, 16, '2026-03-17 06:26:43.038057+00', '2026-03-17 06:26:43.291138+00') ON CONFLICT (role_id, permission_id) DO NOTHING;
INSERT INTO public.role_permissions (id, role_id, permission_id, created_at, updated_at) VALUES (63, 5, 19, '2026-03-17 06:26:43.038057+00', '2026-03-17 06:26:43.291138+00') ON CONFLICT (role_id, permission_id) DO NOTHING;
INSERT INTO public.role_permissions (id, role_id, permission_id, created_at, updated_at) VALUES (64, 5, 20, '2026-03-17 06:26:43.038057+00', '2026-03-17 06:26:43.291138+00') ON CONFLICT (role_id, permission_id) DO NOTHING;
INSERT INTO public.role_permissions (id, role_id, permission_id, created_at, updated_at) VALUES (65, 5, 22, '2026-03-17 06:26:43.038057+00', '2026-03-17 06:26:43.291138+00') ON CONFLICT (role_id, permission_id) DO NOTHING;
INSERT INTO public.role_permissions (id, role_id, permission_id, created_at, updated_at) VALUES (66, 5, 23, '2026-03-17 06:26:43.038057+00', '2026-03-17 06:26:43.291138+00') ON CONFLICT (role_id, permission_id) DO NOTHING;
INSERT INTO public.role_permissions (id, role_id, permission_id, created_at, updated_at) VALUES (67, 5, 24, '2026-03-17 06:26:43.038057+00', '2026-03-17 06:26:43.291138+00') ON CONFLICT (role_id, permission_id) DO NOTHING;
INSERT INTO public.role_permissions (id, role_id, permission_id, created_at, updated_at) VALUES (68, 4, 1, '2026-03-17 06:26:43.038057+00', '2026-03-17 06:26:43.291138+00') ON CONFLICT (role_id, permission_id) DO NOTHING;
INSERT INTO public.role_permissions (id, role_id, permission_id, created_at, updated_at) VALUES (69, 4, 10, '2026-03-17 06:26:43.038057+00', '2026-03-17 06:26:43.291138+00') ON CONFLICT (role_id, permission_id) DO NOTHING;
INSERT INTO public.role_permissions (id, role_id, permission_id, created_at, updated_at) VALUES (70, 4, 14, '2026-03-17 06:26:43.038057+00', '2026-03-17 06:26:43.291138+00') ON CONFLICT (role_id, permission_id) DO NOTHING;
INSERT INTO public.role_permissions (id, role_id, permission_id, created_at, updated_at) VALUES (71, 4, 15, '2026-03-17 06:26:43.038057+00', '2026-03-17 06:26:43.291138+00') ON CONFLICT (role_id, permission_id) DO NOTHING;
INSERT INTO public.role_permissions (id, role_id, permission_id, created_at, updated_at) VALUES (72, 4, 18, '2026-03-17 06:26:43.038057+00', '2026-03-17 06:26:43.291138+00') ON CONFLICT (role_id, permission_id) DO NOTHING;
INSERT INTO public.role_permissions (id, role_id, permission_id, created_at, updated_at) VALUES (73, 4, 26, '2026-03-17 06:26:43.038057+00', '2026-03-17 06:26:43.291138+00') ON CONFLICT (role_id, permission_id) DO NOTHING;
INSERT INTO public.role_permissions (id, role_id, permission_id, created_at, updated_at) VALUES (74, 6, 1, '2026-03-17 06:26:43.038057+00', '2026-03-17 06:26:43.291138+00') ON CONFLICT (role_id, permission_id) DO NOTHING;
INSERT INTO public.role_permissions (id, role_id, permission_id, created_at, updated_at) VALUES (75, 6, 10, '2026-03-17 06:26:43.038057+00', '2026-03-17 06:26:43.291138+00') ON CONFLICT (role_id, permission_id) DO NOTHING;
INSERT INTO public.role_permissions (id, role_id, permission_id, created_at, updated_at) VALUES (76, 6, 14, '2026-03-17 06:26:43.038057+00', '2026-03-17 06:26:43.291138+00') ON CONFLICT (role_id, permission_id) DO NOTHING;
INSERT INTO public.role_permissions (id, role_id, permission_id, created_at, updated_at) VALUES (77, 7, 1, '2026-03-17 06:26:43.038057+00', '2026-03-17 06:26:43.291138+00') ON CONFLICT (role_id, permission_id) DO NOTHING;
INSERT INTO public.role_permissions (id, role_id, permission_id, created_at, updated_at) VALUES (78, 7, 18, '2026-03-17 06:26:43.038057+00', '2026-03-17 06:26:43.291138+00') ON CONFLICT (role_id, permission_id) DO NOTHING;
INSERT INTO public.role_permissions (id, role_id, permission_id, created_at, updated_at) VALUES (79, 7, 26, '2026-03-17 06:26:43.038057+00', '2026-03-17 06:26:43.291138+00') ON CONFLICT (role_id, permission_id) DO NOTHING;
INSERT INTO public.role_permissions (id, role_id, permission_id, created_at, updated_at) VALUES (80, 2, 36, '2026-03-17 06:26:43.220223+00', '2026-03-17 06:26:43.291138+00') ON CONFLICT (role_id, permission_id) DO NOTHING;
INSERT INTO public.role_permissions (id, role_id, permission_id, created_at, updated_at) VALUES (81, 2, 37, '2026-03-17 06:26:43.220223+00', '2026-03-17 06:26:43.291138+00') ON CONFLICT (role_id, permission_id) DO NOTHING;
INSERT INTO public.role_permissions (id, role_id, permission_id, created_at, updated_at) VALUES (82, 2, 38, '2026-03-17 06:26:43.220223+00', '2026-03-17 06:26:43.291138+00') ON CONFLICT (role_id, permission_id) DO NOTHING;
INSERT INTO public.role_permissions (id, role_id, permission_id, created_at, updated_at) VALUES (83, 2, 39, '2026-03-17 06:26:43.220223+00', '2026-03-17 06:26:43.291138+00') ON CONFLICT (role_id, permission_id) DO NOTHING;
INSERT INTO public.role_permissions (id, role_id, permission_id, created_at, updated_at) VALUES (84, 2, 40, '2026-03-17 06:26:43.220223+00', '2026-03-17 06:26:43.291138+00') ON CONFLICT (role_id, permission_id) DO NOTHING;
INSERT INTO public.role_permissions (id, role_id, permission_id, created_at, updated_at) VALUES (85, 2, 41, '2026-03-17 06:26:43.220223+00', '2026-03-17 06:26:43.291138+00') ON CONFLICT (role_id, permission_id) DO NOTHING;
INSERT INTO public.role_permissions (id, role_id, permission_id, created_at, updated_at) VALUES (86, 2, 42, '2026-03-17 06:26:43.220223+00', '2026-03-17 06:26:43.291138+00') ON CONFLICT (role_id, permission_id) DO NOTHING;
INSERT INTO public.role_permissions (id, role_id, permission_id, created_at, updated_at) VALUES (87, 2, 43, '2026-03-17 06:26:43.220223+00', '2026-03-17 06:26:43.291138+00') ON CONFLICT (role_id, permission_id) DO NOTHING;
INSERT INTO public.role_permissions (id, role_id, permission_id, created_at, updated_at) VALUES (88, 2, 44, '2026-03-17 06:26:43.220223+00', '2026-03-17 06:26:43.291138+00') ON CONFLICT (role_id, permission_id) DO NOTHING;
INSERT INTO public.role_permissions (id, role_id, permission_id, created_at, updated_at) VALUES (89, 2, 45, '2026-03-17 06:26:43.220223+00', '2026-03-17 06:26:43.291138+00') ON CONFLICT (role_id, permission_id) DO NOTHING;
INSERT INTO public.role_permissions (id, role_id, permission_id, created_at, updated_at) VALUES (90, 2, 46, '2026-03-17 06:26:43.220223+00', '2026-03-17 06:26:43.291138+00') ON CONFLICT (role_id, permission_id) DO NOTHING;
INSERT INTO public.role_permissions (id, role_id, permission_id, created_at, updated_at) VALUES (91, 2, 47, '2026-03-17 06:26:43.220223+00', '2026-03-17 06:26:43.291138+00') ON CONFLICT (role_id, permission_id) DO NOTHING;
INSERT INTO public.role_permissions (id, role_id, permission_id, created_at, updated_at) VALUES (92, 2, 48, '2026-03-17 06:26:43.220223+00', '2026-03-17 06:26:43.291138+00') ON CONFLICT (role_id, permission_id) DO NOTHING;
INSERT INTO public.role_permissions (id, role_id, permission_id, created_at, updated_at) VALUES (93, 2, 49, '2026-03-17 06:26:43.220223+00', '2026-03-17 06:26:43.291138+00') ON CONFLICT (role_id, permission_id) DO NOTHING;
INSERT INTO public.role_permissions (id, role_id, permission_id, created_at, updated_at) VALUES (94, 2, 50, '2026-03-17 06:26:43.220223+00', '2026-03-17 06:26:43.291138+00') ON CONFLICT (role_id, permission_id) DO NOTHING;
INSERT INTO public.role_permissions (id, role_id, permission_id, created_at, updated_at) VALUES (95, 2, 51, '2026-03-17 06:26:43.220223+00', '2026-03-17 06:26:43.291138+00') ON CONFLICT (role_id, permission_id) DO NOTHING;
INSERT INTO public.role_permissions (id, role_id, permission_id, created_at, updated_at) VALUES (96, 2, 52, '2026-03-17 06:26:43.220223+00', '2026-03-17 06:26:43.291138+00') ON CONFLICT (role_id, permission_id) DO NOTHING;
INSERT INTO public.role_permissions (id, role_id, permission_id, created_at, updated_at) VALUES (97, 2, 53, '2026-03-17 06:26:43.220223+00', '2026-03-17 06:26:43.291138+00') ON CONFLICT (role_id, permission_id) DO NOTHING;
INSERT INTO public.role_permissions (id, role_id, permission_id, created_at, updated_at) VALUES (98, 2, 54, '2026-03-17 06:26:43.220223+00', '2026-03-17 06:26:43.291138+00') ON CONFLICT (role_id, permission_id) DO NOTHING;
INSERT INTO public.role_permissions (id, role_id, permission_id, created_at, updated_at) VALUES (99, 2, 55, '2026-03-17 06:26:43.220223+00', '2026-03-17 06:26:43.291138+00') ON CONFLICT (role_id, permission_id) DO NOTHING;
INSERT INTO public.role_permissions (id, role_id, permission_id, created_at, updated_at) VALUES (100, 2, 56, '2026-03-17 06:26:43.220223+00', '2026-03-17 06:26:43.291138+00') ON CONFLICT (role_id, permission_id) DO NOTHING;
INSERT INTO public.role_permissions (id, role_id, permission_id, created_at, updated_at) VALUES (101, 3, 36, '2026-03-17 06:26:43.220223+00', '2026-03-17 06:26:43.291138+00') ON CONFLICT (role_id, permission_id) DO NOTHING;
INSERT INTO public.role_permissions (id, role_id, permission_id, created_at, updated_at) VALUES (102, 3, 40, '2026-03-17 06:26:43.220223+00', '2026-03-17 06:26:43.291138+00') ON CONFLICT (role_id, permission_id) DO NOTHING;
INSERT INTO public.role_permissions (id, role_id, permission_id, created_at, updated_at) VALUES (103, 3, 41, '2026-03-17 06:26:43.220223+00', '2026-03-17 06:26:43.291138+00') ON CONFLICT (role_id, permission_id) DO NOTHING;
INSERT INTO public.role_permissions (id, role_id, permission_id, created_at, updated_at) VALUES (104, 3, 42, '2026-03-17 06:26:43.220223+00', '2026-03-17 06:26:43.291138+00') ON CONFLICT (role_id, permission_id) DO NOTHING;
INSERT INTO public.role_permissions (id, role_id, permission_id, created_at, updated_at) VALUES (105, 3, 43, '2026-03-17 06:26:43.220223+00', '2026-03-17 06:26:43.291138+00') ON CONFLICT (role_id, permission_id) DO NOTHING;
INSERT INTO public.role_permissions (id, role_id, permission_id, created_at, updated_at) VALUES (106, 3, 44, '2026-03-17 06:26:43.220223+00', '2026-03-17 06:26:43.291138+00') ON CONFLICT (role_id, permission_id) DO NOTHING;
INSERT INTO public.role_permissions (id, role_id, permission_id, created_at, updated_at) VALUES (107, 3, 45, '2026-03-17 06:26:43.220223+00', '2026-03-17 06:26:43.291138+00') ON CONFLICT (role_id, permission_id) DO NOTHING;
INSERT INTO public.role_permissions (id, role_id, permission_id, created_at, updated_at) VALUES (108, 3, 46, '2026-03-17 06:26:43.220223+00', '2026-03-17 06:26:43.291138+00') ON CONFLICT (role_id, permission_id) DO NOTHING;
INSERT INTO public.role_permissions (id, role_id, permission_id, created_at, updated_at) VALUES (109, 3, 47, '2026-03-17 06:26:43.220223+00', '2026-03-17 06:26:43.291138+00') ON CONFLICT (role_id, permission_id) DO NOTHING;
INSERT INTO public.role_permissions (id, role_id, permission_id, created_at, updated_at) VALUES (110, 3, 48, '2026-03-17 06:26:43.220223+00', '2026-03-17 06:26:43.291138+00') ON CONFLICT (role_id, permission_id) DO NOTHING;
INSERT INTO public.role_permissions (id, role_id, permission_id, created_at, updated_at) VALUES (111, 3, 49, '2026-03-17 06:26:43.220223+00', '2026-03-17 06:26:43.291138+00') ON CONFLICT (role_id, permission_id) DO NOTHING;
INSERT INTO public.role_permissions (id, role_id, permission_id, created_at, updated_at) VALUES (112, 3, 50, '2026-03-17 06:26:43.220223+00', '2026-03-17 06:26:43.291138+00') ON CONFLICT (role_id, permission_id) DO NOTHING;
INSERT INTO public.role_permissions (id, role_id, permission_id, created_at, updated_at) VALUES (113, 3, 51, '2026-03-17 06:26:43.220223+00', '2026-03-17 06:26:43.291138+00') ON CONFLICT (role_id, permission_id) DO NOTHING;
INSERT INTO public.role_permissions (id, role_id, permission_id, created_at, updated_at) VALUES (114, 4, 36, '2026-03-17 06:26:43.220223+00', '2026-03-17 06:26:43.291138+00') ON CONFLICT (role_id, permission_id) DO NOTHING;
INSERT INTO public.role_permissions (id, role_id, permission_id, created_at, updated_at) VALUES (115, 4, 40, '2026-03-17 06:26:43.220223+00', '2026-03-17 06:26:43.291138+00') ON CONFLICT (role_id, permission_id) DO NOTHING;
INSERT INTO public.role_permissions (id, role_id, permission_id, created_at, updated_at) VALUES (116, 4, 43, '2026-03-17 06:26:43.220223+00', '2026-03-17 06:26:43.291138+00') ON CONFLICT (role_id, permission_id) DO NOTHING;
INSERT INTO public.role_permissions (id, role_id, permission_id, created_at, updated_at) VALUES (117, 4, 48, '2026-03-17 06:26:43.220223+00', '2026-03-17 06:26:43.291138+00') ON CONFLICT (role_id, permission_id) DO NOTHING;
INSERT INTO public.role_permissions (id, role_id, permission_id, created_at, updated_at) VALUES (118, 4, 49, '2026-03-17 06:26:43.220223+00', '2026-03-17 06:26:43.291138+00') ON CONFLICT (role_id, permission_id) DO NOTHING;
INSERT INTO public.role_permissions (id, role_id, permission_id, created_at, updated_at) VALUES (119, 5, 43, '2026-03-17 06:26:43.220223+00', '2026-03-17 06:26:43.291138+00') ON CONFLICT (role_id, permission_id) DO NOTHING;
INSERT INTO public.role_permissions (id, role_id, permission_id, created_at, updated_at) VALUES (120, 5, 47, '2026-03-17 06:26:43.220223+00', '2026-03-17 06:26:43.291138+00') ON CONFLICT (role_id, permission_id) DO NOTHING;
INSERT INTO public.role_permissions (id, role_id, permission_id, created_at, updated_at) VALUES (121, 5, 50, '2026-03-17 06:26:43.220223+00', '2026-03-17 06:26:43.291138+00') ON CONFLICT (role_id, permission_id) DO NOTHING;
INSERT INTO public.role_permissions (id, role_id, permission_id, created_at, updated_at) VALUES (122, 5, 51, '2026-03-17 06:26:43.220223+00', '2026-03-17 06:26:43.291138+00') ON CONFLICT (role_id, permission_id) DO NOTHING;
INSERT INTO public.role_permissions (id, role_id, permission_id, created_at, updated_at) VALUES (123, 6, 43, '2026-03-17 06:26:43.220223+00', '2026-03-17 06:26:43.291138+00') ON CONFLICT (role_id, permission_id) DO NOTHING;
INSERT INTO public.role_permissions (id, role_id, permission_id, created_at, updated_at) VALUES (124, 7, 48, '2026-03-17 06:26:43.220223+00', '2026-03-17 06:26:43.291138+00') ON CONFLICT (role_id, permission_id) DO NOTHING;
INSERT INTO public.role_permissions (id, role_id, permission_id, created_at, updated_at) VALUES (125, 2, 57, '2026-03-17 06:26:43.482903+00', '2026-03-17 06:26:43.482903+00') ON CONFLICT (role_id, permission_id) DO NOTHING;
INSERT INTO public.role_permissions (id, role_id, permission_id, created_at, updated_at) VALUES (126, 2, 58, '2026-03-17 06:26:43.482903+00', '2026-03-17 06:26:43.482903+00') ON CONFLICT (role_id, permission_id) DO NOTHING;
INSERT INTO public.role_permissions (id, role_id, permission_id, created_at, updated_at) VALUES (127, 2, 59, '2026-03-17 06:26:43.482903+00', '2026-03-17 06:26:43.482903+00') ON CONFLICT (role_id, permission_id) DO NOTHING;
INSERT INTO public.role_permissions (id, role_id, permission_id, created_at, updated_at) VALUES (128, 2, 60, '2026-03-17 06:26:43.482903+00', '2026-03-17 06:26:43.482903+00') ON CONFLICT (role_id, permission_id) DO NOTHING;
INSERT INTO public.role_permissions (id, role_id, permission_id, created_at, updated_at) VALUES (129, 2, 61, '2026-03-17 06:26:43.482903+00', '2026-03-17 06:26:43.482903+00') ON CONFLICT (role_id, permission_id) DO NOTHING;
INSERT INTO public.role_permissions (id, role_id, permission_id, created_at, updated_at) VALUES (130, 3, 57, '2026-03-17 06:26:43.482903+00', '2026-03-17 06:26:43.482903+00') ON CONFLICT (role_id, permission_id) DO NOTHING;
INSERT INTO public.role_permissions (id, role_id, permission_id, created_at, updated_at) VALUES (131, 3, 58, '2026-03-17 06:26:43.482903+00', '2026-03-17 06:26:43.482903+00') ON CONFLICT (role_id, permission_id) DO NOTHING;
INSERT INTO public.role_permissions (id, role_id, permission_id, created_at, updated_at) VALUES (132, 3, 59, '2026-03-17 06:26:43.482903+00', '2026-03-17 06:26:43.482903+00') ON CONFLICT (role_id, permission_id) DO NOTHING;
INSERT INTO public.role_permissions (id, role_id, permission_id, created_at, updated_at) VALUES (133, 3, 61, '2026-03-17 06:26:43.482903+00', '2026-03-17 06:26:43.482903+00') ON CONFLICT (role_id, permission_id) DO NOTHING;
INSERT INTO public.role_permissions (id, role_id, permission_id, created_at, updated_at) VALUES (134, 4, 57, '2026-03-17 06:26:43.482903+00', '2026-03-17 06:26:43.482903+00') ON CONFLICT (role_id, permission_id) DO NOTHING;
INSERT INTO public.role_permissions (id, role_id, permission_id, created_at, updated_at) VALUES (135, 4, 58, '2026-03-17 06:26:43.482903+00', '2026-03-17 06:26:43.482903+00') ON CONFLICT (role_id, permission_id) DO NOTHING;
INSERT INTO public.role_permissions (id, role_id, permission_id, created_at, updated_at) VALUES (136, 4, 59, '2026-03-17 06:26:43.482903+00', '2026-03-17 06:26:43.482903+00') ON CONFLICT (role_id, permission_id) DO NOTHING;
INSERT INTO public.role_permissions (id, role_id, permission_id, created_at, updated_at) VALUES (137, 4, 61, '2026-03-17 06:26:43.482903+00', '2026-03-17 06:26:43.482903+00') ON CONFLICT (role_id, permission_id) DO NOTHING;
INSERT INTO public.role_permissions (id, role_id, permission_id, created_at, updated_at) VALUES (138, 6, 57, '2026-03-17 06:26:43.482903+00', '2026-03-17 06:26:43.482903+00') ON CONFLICT (role_id, permission_id) DO NOTHING;
INSERT INTO public.role_permissions (id, role_id, permission_id, created_at, updated_at) VALUES (139, 7, 57, '2026-03-17 06:26:43.482903+00', '2026-03-17 06:26:43.482903+00') ON CONFLICT (role_id, permission_id) DO NOTHING;

-- system_settings
INSERT INTO public.system_settings (id, key, value, description, updated_at, created_at) VALUES (1, 'partial_cone_ratio', '0.3', 'Ty le quy doi cuon le so voi cuon nguyen (vd: 0.3 = 1 cuon le = 0.3 cuon nguyen)', '2026-03-17 06:26:43.189624+00', '2026-03-17 06:26:43.291138+00') ON CONFLICT (key) DO NOTHING;
INSERT INTO public.system_settings (id, key, value, description, updated_at, created_at) VALUES (2, 'import_supplier_tex_mapping', '{"columns": {"tex_number": "B", "unit_price": "D", "supplier_name": "A", "meters_per_cone": "C", "supplier_item_code": "E"}, "header_row": 1, "sheet_index": 0, "data_start_row": 2}', 'Cấu hình mapping cột Excel khi import danh mục NCC - Tex', '2026-03-17 06:26:43.208767+00', '2026-03-17 06:26:43.291138+00') ON CONFLICT (key) DO NOTHING;
INSERT INTO public.system_settings (id, key, value, description, updated_at, created_at) VALUES (3, 'import_supplier_color_mapping', '{"columns": {"color_name": "A", "supplier_color_code": "B"}, "header_row": 1, "sheet_index": 0, "data_start_row": 2}', 'Cấu hình mapping cột Excel khi import danh mục màu của NCC', '2026-03-17 06:26:43.208767+00', '2026-03-17 06:26:43.291138+00') ON CONFLICT (key) DO NOTHING;
INSERT INTO public.system_settings (id, key, value, description, updated_at, created_at) VALUES (4, 'employee_detail_fields', '{"fields": [{"key": "employee_id", "label": "Mã nhân viên", "order": 1, "visible": true, "required": true}, {"key": "full_name", "label": "Họ tên", "order": 2, "visible": true, "required": true}, {"key": "department", "label": "Phòng ban", "order": 3, "visible": true}, {"key": "chuc_vu", "label": "Chức vụ", "order": 4, "visible": true}, {"key": "is_active", "label": "Trạng thái", "order": 5, "visible": true}, {"key": "created_at", "label": "Ngày tạo", "order": 6, "visible": true}, {"key": "updated_at", "label": "Cập nhật lần cuối", "order": 7, "visible": true}, {"key": "last_login_at", "label": "Lần đăng nhập cuối", "order": 8, "visible": false}, {"key": "must_change_password", "label": "Phải đổi mật khẩu", "order": 9, "visible": false}, {"key": "password_changed_at", "label": "Đổi MK lần cuối", "order": 10, "visible": false}, {"key": "failed_login_attempts", "label": "Số lần đăng nhập sai", "order": 11, "visible": false}, {"key": "locked_until", "label": "Khóa tài khoản đến", "order": 12, "visible": false}]}', 'Cấu hình các trường hiển thị trong dialog chi tiết nhân viên', '2026-03-17 06:26:43.347837+00', '2026-03-17 06:26:43.347837+00') ON CONFLICT (key) DO NOTHING;
INSERT INTO public.system_settings (id, key, value, description, updated_at, created_at) VALUES (6, 'reserve_priority', '"partial_first"', 'Ưu tiên reserve cuộn lẻ (partial_first) hoặc cuộn nguyên (full_first)', '2026-03-17 06:26:43.618041+00', '2026-03-17 06:26:43.618041+00') ON CONFLICT (key) DO NOTHING;
INSERT INTO public.system_settings (id, key, value, description, updated_at, created_at) VALUES (5, 'import_po_items_mapping', '{"columns": {"week": "D", "quantity": "G", "po_number": "B", "style_code": "C", "description": "E", "customer_name": "A", "finished_product_code": "F"}, "header_row": 1, "sheet_index": 0, "data_start_row": 2}', 'Cấu hình mapping cột Excel khi import PO items', '2026-03-17 06:26:43.640667+00', '2026-03-17 06:26:43.608112+00') ON CONFLICT (key) DO NOTHING;

-- Reset sequences
SELECT setval('roles_id_seq', COALESCE((SELECT MAX(id) FROM roles), 0) + 1, false);
SELECT setval('permissions_id_seq', COALESCE((SELECT MAX(id) FROM permissions), 0) + 1, false);
SELECT setval('role_permissions_id_seq', COALESCE((SELECT MAX(id) FROM role_permissions), 0) + 1, false);
SELECT setval('system_settings_id_seq', COALESCE((SELECT MAX(id) FROM system_settings), 0) + 1, false);

COMMIT;